{
  "primitives": [{
    "position": [-0.015568999573588371, -0.02366049960255623, 0.03271599963773042],
    "type": "box",
    "orientation": [0, 0, 0],
    "dimensions": [0.04891199804842472, 0.03369149938225746, 0.03641199960839003]
  }, {
    "position": [-0.015026001259684563, -0.023113999981433153, 0.1115189976990223],
    "type": "box",
    "orientation": [0, 0, 0],
    "dimensions": [0.04836899973452091, 0.03206499991938472, 0.042381998151540756]
  }, {
    "position": [-0.01448249933309853, -0.022570499451830983, 0.16151800006628036],
    "type": "box",
    "orientation": [0, 0, 0],
    "dimensions": [0.020651499507948756, 0.020651499507948756, 0.0076090022921562195]
  }, {
    "position": [-0.015026000211946666, -0.02257049921900034, 0.17890900373458862],
    "type": "box",
    "orientation": [0, 0, 0],
    "dimensions": [0.013584000174887478, 0.013043499551713467, 0.009780086340643784]
  }],
  "target": "/home/crslab/pybullet_tests/graspGripper2/assets/10_objects/006_mustard_bottle/google_16k/textured.obj"
}