{
  "primitives": [{
    "position": [-0.023723000194877386, -0.05623799981549382, 0.017440999596146867],
    "type": "box",
    "orientation": [0, 0, 0],
    "dimensions": [0.01962900022044778, 0.04068599967285991, 0.018197999597759917]
  }, {
    "position": [-0.01908299990464002, 0.029059998225420713, 0.018151499754821998],
    "type": "box",
    "orientation": [0, 0, 0],
    "dimensions": [0.022840999881736934, 0.044602998066693544, 0.01819793642157895]
  }, {
    "position": [0.023743999074213207, 0.04761799890547991, 0.017440999596146867],
    "type": "box",
    "orientation": [0, 0, 0],
    "dimensions": [0.01998599909711629, 0.034618998877704144, 0.018197999597759917]
  }, {
    "position": [0.05515049770474434, 0.07402849942445755, 0.008158499957062304],
    "type": "box",
    "orientation": [0, 0, 0],
    "dimensions": [0.01142049953341484, 0.008208498358726501, 0.008922499953769147]
  }],
  "target": "/home/crslab/pybullet_tests/graspGripper2/assets/10_objects/011_banana/google_16k/textured.obj"
}